,name,album,acousticness,danceability,energy,instrumentalness,liveness,loudness,speechiness,tempo,valence,popularity,duration_ms
0,Fortnight (feat. Post Malone),ttpd,0.502,0.504,0.386,1.53e-05,0.0961,-10.976,0.0308,192.004,0.281,82,228965
1,The Tortured Poets Department,ttpd,0.0483,0.604,0.428,0.0,0.126,-8.441,0.0255,110.259,0.292,79,293048
2,My Boy Only Breaks His Favorite Toys,ttpd,0.137,0.596,0.563,0.0,0.302,-7.362,0.0269,97.073,0.481,80,203801
3,Down Bad,ttpd,0.56,0.541,0.366,1e-06,0.0946,-10.412,0.0748,159.707,0.168,82,261228
4,"So Long, London",ttpd,0.73,0.423,0.533,0.00264,0.0816,-11.388,0.322,160.218,0.248,80,262974
5,But Daddy I Love Him,ttpd,0.384,0.521,0.72,0.0,0.135,-7.684,0.104,79.943,0.438,81,340428
6,Fresh Out The Slammer,ttpd,0.624,0.33,0.483,0.0,0.111,-9.394,0.0399,87.115,0.34,78,210789
7,Florida!!! (feat. Florence + The Machine),ttpd,0.178,0.533,0.573,0.0,0.309,-7.123,0.138,150.088,0.398,79,215463
8,Guilty as Sin?,ttpd,0.607,0.626,0.428,0.0,0.0921,-8.374,0.0261,94.95,0.487,82,254365
9,Who’s Afraid of Little Old Me?,ttpd,0.315,0.606,0.338,0.0,0.106,-10.555,0.048,119.88,0.238,81,334084
10,I Can Fix Him (No Really I Can),ttpd,0.768,0.661,0.257,1.72e-06,0.176,-13.961,0.045,106.896,0.318,77,156297
11,loml,ttpd,0.858,0.423,0.272,0.0,0.108,-12.56,0.0489,78.539,0.195,80,277156
12,I Can Do It With a Broken Heart,ttpd,0.123,0.701,0.751,0.0,0.15,-8.39,0.0502,129.994,0.22,82,218004
13,The Smallest Man Who Ever Lived,ttpd,0.52,0.426,0.41,0.0,0.338,-9.083,0.0581,142.377,0.263,81,245541
14,The Alchemy,ttpd,0.422,0.64,0.421,0.0,0.103,-8.802,0.0273,100.056,0.353,78,196900
15,Clara Bow,ttpd,0.636,0.686,0.318,0.00144,0.106,-11.046,0.0263,104.088,0.214,76,216662
16,The Black Dog,ttpd,0.707,0.527,0.27,0.0,0.102,-10.855,0.038,154.042,0.23,79,238857
17,imgonnagetyouback,ttpd,0.608,0.784,0.391,0.0,0.252,-9.471,0.0633,110.007,0.15,81,222072
18,The Albatross,ttpd,0.655,0.352,0.479,0.0,0.0935,-8.942,0.0583,172.013,0.292,77,183878
19,Chloe or Sam or Sophia or Marcus,ttpd,0.78,0.516,0.451,0.0,0.105,-8.552,0.0446,70.266,0.218,77,213281
20,How Did It End?,ttpd,0.785,0.492,0.379,0.00093,0.108,-8.859,0.0257,83.993,0.273,80,238706
21,So High School,ttpd,0.0274,0.366,0.866,3.07e-06,0.106,-4.514,0.0466,176.07,0.293,82,228800
22,I Hate It Here,ttpd,0.717,0.485,0.562,0.0,0.357,-7.197,0.0346,105.953,0.297,78,243875
23,thanK you aIMee,ttpd,0.609,0.609,0.541,0.0,0.122,-8.013,0.0346,95.997,0.252,76,263817
24,I Look in People's Windows,ttpd,0.69,0.763,0.274,0.0,0.164,-11.429,0.0738,90.796,0.385,76,131907
25,The Prophecy,ttpd,0.825,0.421,0.525,2.67e-06,0.308,-10.359,0.0472,167.927,0.535,81,249807
26,Cassandra,ttpd,0.806,0.587,0.587,0.0,0.137,-9.879,0.0595,139.963,0.514,76,240205
27,Peter,ttpd,0.805,0.342,0.376,0.0,0.0593,-8.212,0.0372,176.859,0.29,77,283957
28,The Bolter,ttpd,0.638,0.455,0.586,0.0,0.131,-7.978,0.0492,183.694,0.481,77,238241
29,Robin,ttpd,0.791,0.476,0.386,0.000423,0.1,-10.601,0.03,138.265,0.158,73,240893
30,The Manuscript,ttpd,0.901,0.509,0.256,2.43e-06,0.103,-11.665,0.0306,94.184,0.436,74,224743
135,Lavender Haze,midnights,0.23,0.735,0.449,0.00126,0.132,-10.56,0.0883,97.05,0.0955,61,202395
136,Maroon,midnights,0.0634,0.655,0.384,1.45e-06,0.0973,-8.29,0.0349,108.058,0.0384,61,218270
137,Anti-Hero,midnights,0.121,0.633,0.648,2.62e-06,0.161,-6.645,0.062,96.888,0.49,62,200690
138,Snow On The Beach (feat. Lana Del Rey),midnights,0.701,0.663,0.321,0.000598,0.107,-13.527,0.0409,110.021,0.153,62,256124
139,"You're On Your Own, Kid",midnights,0.447,0.696,0.39,1.55e-05,0.125,-10.331,0.0616,120.032,0.395,62,194206
140,Midnight Rain,midnights,0.71,0.604,0.375,5.87e-05,0.116,-11.637,0.0633,137.651,0.203,61,174782
141,Question...?,midnights,0.206,0.654,0.51,0.0,0.249,-8.767,0.242,108.874,0.105,58,210556
142,Vigilante Shit,midnights,0.166,0.872,0.267,2.18e-05,0.123,-10.764,0.387,79.964,0.168,61,164801
143,Bejeweled,midnights,0.0593,0.687,0.551,0.000143,0.09,-9.202,0.0787,163.994,0.443,62,194165
144,Labyrinth,midnights,0.797,0.48,0.295,0.333,0.12,-15.512,0.0384,110.018,0.132,58,247962
145,Karma,midnights,0.062,0.64,0.619,0.0,0.475,-7.108,0.065,90.008,0.121,65,204852
146,Sweet Nothing,midnights,0.968,0.336,0.161,0.00011,0.115,-14.973,0.0456,176.48,0.407,60,188496
147,Mastermind,midnights,0.565,0.66,0.343,0.00134,0.0922,-14.132,0.14,125.96,0.137,64,191039
148,The Great War,midnights,0.199,0.57,0.747,2.32e-05,0.0854,-8.93,0.0342,96.016,0.574,69,240355
149,Bigger Than The Whole Sky,midnights,0.841,0.42,0.22,0.00131,0.114,-12.584,0.0472,165.564,0.0705,66,218502
150,Paris,midnights,0.103,0.703,0.518,2.89e-05,0.148,-10.501,0.085,110.94,0.347,66,196258
151,High Infidelity,midnights,0.704,0.571,0.547,0.0,0.0877,-10.141,0.101,175.933,0.768,64,231475
152,Glitch,midnights,0.314,0.677,0.47,0.0,0.11,-9.65,0.259,140.881,0.347,63,148781
153,"Would've, Could've, Should've",midnights,0.393,0.485,0.846,0.00115,0.124,-6.557,0.117,157.918,0.548,68,260361
154,Dear Reader,midnights,0.464,0.674,0.39,0.00122,0.116,-11.944,0.0483,107.891,0.151,64,225194
224,willow,evermore,0.833,0.392,0.574,0.00179,0.145,-9.195,0.17,81.112,0.529,66,214706
225,champagne problems,evermore,0.92,0.462,0.24,0.0,0.113,-12.077,0.0377,171.319,0.32,67,244000
226,gold rush,evermore,0.83,0.512,0.462,0.166,0.121,-10.491,0.0408,112.05,0.353,64,185320
227,‘tis the damn season,evermore,0.735,0.575,0.434,6.59e-05,0.105,-8.193,0.0312,145.916,0.348,64,229840
228,tolerate it,evermore,0.878,0.316,0.361,2.67e-05,0.0797,-10.381,0.0488,74.952,0.221,66,245440
229,"no body, no crime (feat. HAIM)",evermore,0.418,0.546,0.613,0.0,0.103,-7.589,0.0264,79.015,0.535,64,215626
230,happiness,evermore,0.87,0.559,0.334,0.0,0.114,-10.733,0.0376,122.079,0.211,62,315146
231,dorothea,evermore,0.696,0.605,0.488,0.0,0.129,-8.322,0.0264,119.966,0.354,61,225880
232,coney island (feat. The National),evermore,0.819,0.537,0.537,0.000904,0.142,-11.266,0.0617,107.895,0.292,63,275320
233,ivy,evermore,0.855,0.515,0.545,1.97e-05,0.0921,-9.277,0.0353,88.856,0.535,63,260440
234,cowboy like me,evermore,0.768,0.604,0.517,0.000155,0.123,-9.014,0.0347,127.967,0.511,63,275040
235,long story short,evermore,0.66,0.546,0.73,0.179,0.0972,-7.704,0.0417,157.895,0.573,62,215920
236,marjorie,evermore,0.876,0.535,0.561,0.000136,0.115,-11.609,0.0484,96.103,0.287,63,257773
237,closure,evermore,0.835,0.689,0.704,4.83e-06,0.134,-10.813,0.245,151.884,0.92,60,180653
238,evermore (feat. Bon Iver),evermore,0.937,0.39,0.27,0.00227,0.111,-10.673,0.0308,125.177,0.32,64,304106
239,right where you left me - bonus track,evermore,0.769,0.581,0.619,0.000106,0.117,-6.524,0.0282,137.915,0.645,74,245026
240,it’s time to go - bonus track,evermore,0.801,0.592,0.41,1.39e-05,0.09,-12.426,0.0397,151.923,0.416,66,254640
290,the 1,folklore,0.75,0.78,0.361,7.14e-06,0.108,-6.942,0.048,139.902,0.163,68,210240
291,cardigan,folklore,0.525,0.612,0.58,0.000414,0.26,-8.572,0.0419,130.045,0.534,68,239560
292,the last great american dynasty,folklore,0.481,0.688,0.653,0.00414,0.106,-8.558,0.0403,147.991,0.701,66,231000
293,exile (feat. Bon Iver),folklore,0.761,0.31,0.374,2.46e-05,0.11,-8.464,0.0275,75.938,0.16,68,285640
294,my tears ricochet,folklore,0.814,0.456,0.265,0.0,0.0679,-10.663,0.0328,129.947,0.112,68,255893
295,mirrorball,folklore,0.686,0.549,0.417,1.9e-06,0.0604,-10.064,0.035,110.137,0.347,66,208973
296,seven,folklore,0.888,0.602,0.494,2.59e-05,0.0902,-10.813,0.0277,94.955,0.374,66,208906
297,august,folklore,0.553,0.387,0.634,6.93e-05,0.0931,-9.222,0.0363,89.567,0.42,68,261920
298,this is me trying,folklore,0.312,0.511,0.478,2.3e-05,0.147,-9.837,0.0322,135.882,0.408,66,195106
299,illicit affairs,folklore,0.862,0.529,0.304,0.0,0.108,-10.567,0.0356,119.58,0.44,66,190893
300,invisible string,folklore,0.859,0.651,0.459,6.63e-05,0.105,-11.128,0.0507,83.455,0.454,66,252880
301,mad woman,folklore,0.67,0.593,0.7,6.77e-06,0.116,-9.016,0.0492,141.898,0.451,64,237266
302,epiphany,folklore,0.727,0.317,0.254,0.000326,0.0867,-13.679,0.0286,93.933,0.103,63,289746
303,betty,folklore,0.589,0.595,0.376,0.0,0.0989,-8.767,0.0256,95.946,0.476,65,294520
304,peace,folklore,0.916,0.644,0.284,1.5e-05,0.0909,-12.879,0.0821,150.072,0.328,63,234000
305,hoax,folklore,0.964,0.676,0.178,7.9e-06,0.135,-15.01,0.0394,118.84,0.404,63,220040
306,the lakes - bonus track,folklore,0.842,0.313,0.258,1.3e-06,0.0948,-11.532,0.0383,179.947,0.268,67,211813
323,I Forgot That You Existed,lover,0.298,0.664,0.316,2.03e-06,0.0812,-10.345,0.519,92.875,0.541,71,170640
324,Cruel Summer,lover,0.117,0.552,0.702,2.06e-05,0.105,-5.707,0.157,169.994,0.564,93,178426
325,Lover,lover,0.492,0.359,0.543,1.58e-05,0.118,-7.582,0.0919,68.534,0.453,86,221306
326,The Man,lover,0.0767,0.777,0.658,0.0,0.0901,-5.191,0.054,110.048,0.633,81,190360
327,The Archer,lover,0.12,0.292,0.574,0.00569,0.0663,-9.375,0.0401,124.344,0.166,75,211240
328,I Think He Knows,lover,0.00889,0.897,0.366,0.000353,0.0715,-8.029,0.0569,100.003,0.416,72,173386
329,Miss Americana & The Heartbreak Prince,lover,0.028,0.662,0.747,0.00615,0.138,-6.926,0.0736,150.088,0.487,79,234146
330,Paper Rings,lover,0.0129,0.811,0.719,1.36e-05,0.0742,-6.553,0.0497,103.979,0.865,78,222400
331,Cornelia Street,lover,0.781,0.824,0.624,0.000189,0.1,-9.728,0.0827,102.012,0.248,74,287266
332,Death By A Thousand Cuts,lover,0.454,0.712,0.732,0.0,0.319,-6.754,0.0629,94.071,0.313,72,198533
333,London Boy,lover,0.0246,0.695,0.71,0.000104,0.133,-6.639,0.05,157.925,0.557,74,190240
334,Soon You’ll Get Better (feat. The Chicks),lover,0.907,0.433,0.182,0.0,0.123,-12.566,0.0641,207.476,0.421,66,201586
335,False God,lover,0.736,0.739,0.32,0.000147,0.111,-10.862,0.239,79.97,0.351,73,200306
336,You Need To Calm Down,lover,0.00929,0.771,0.671,0.0,0.0637,-5.617,0.0553,85.026,0.714,80,171360
337,Afterglow,lover,0.13,0.756,0.449,0.0,0.114,-8.746,0.0344,111.011,0.399,74,223293
338,ME! (feat. Brendon Urie of Panic! At The Disco),lover,0.033,0.61,0.83,0.0,0.118,-4.105,0.0571,182.162,0.728,75,193000
339,It’s Nice To Have A Friend,lover,0.971,0.737,0.175,0.000337,0.171,-9.912,0.0401,70.008,0.545,66,150440
340,Daylight,lover,0.808,0.557,0.496,0.000173,0.0772,-9.602,0.0563,149.983,0.265,78,293453
341,...Ready For It?,rep,0.0527,0.613,0.764,0.0,0.197,-6.509,0.136,160.015,0.417,82,208186
342,End Game,rep,0.00845,0.649,0.589,0.0,0.108,-6.237,0.0558,159.073,0.151,74,244826
343,I Did Something Bad,rep,0.0679,0.696,0.602,2.11e-05,0.0696,-6.156,0.159,82.989,0.305,75,238253
344,Don’t Blame Me,rep,0.106,0.615,0.534,1.76e-05,0.0607,-6.719,0.0386,135.917,0.193,85,236413
345,Delicate,rep,0.216,0.75,0.404,0.000357,0.0911,-10.178,0.0682,95.045,0.0499,81,232253
346,Look What You Made Me Do,rep,0.204,0.766,0.709,1.41e-05,0.126,-6.471,0.123,128.07,0.506,81,211853
347,So It Goes...,rep,0.122,0.574,0.61,1.1e-06,0.13,-7.283,0.0732,74.957,0.374,69,227906
348,Gorgeous,rep,0.0713,0.8,0.535,9.48e-06,0.213,-6.684,0.135,92.027,0.451,76,209680
349,Getaway Car,rep,0.00465,0.562,0.689,2.23e-06,0.0888,-6.745,0.127,172.054,0.351,79,233626
350,King Of My Heart,rep,0.00882,0.675,0.703,2.21e-06,0.0391,-7.902,0.0382,110.01,0.314,72,214320
351,Dancing With Our Hands Tied,rep,0.0604,0.624,0.691,1.1e-05,0.138,-6.686,0.196,160.024,0.284,72,211506
352,Dress,rep,0.0329,0.719,0.469,0.0,0.169,-8.792,0.0533,120.085,0.0851,75,230373
353,This Is Why We Can't Have Nice Things,rep,0.0156,0.567,0.789,0.0,0.382,-5.986,0.115,163.96,0.438,70,207133
354,Call It What You Want,rep,0.186,0.598,0.504,0.000221,0.34,-9.874,0.0731,163.954,0.252,75,203506
355,New Year’s Day,rep,0.921,0.661,0.151,0.0,0.13,-12.864,0.0354,94.922,0.23,70,235466
402,Welcome To New York,1989,0.0348,0.789,0.634,1.64e-06,0.302,-4.762,0.0323,116.992,0.658,48,212600
403,Blank Space,1989,0.103,0.76,0.703,0.0,0.0913,-5.412,0.054,95.997,0.57,81,231826
404,Style,1989,0.00245,0.588,0.791,0.00258,0.118,-5.595,0.0402,94.933,0.487,79,231000
405,Out Of The Woods,1989,0.000743,0.553,0.841,1.19e-05,0.341,-6.937,0.0396,92.008,0.338,59,235800
406,All You Had To Do Was Stay,1989,0.00201,0.605,0.725,2.02e-05,0.101,-5.729,0.0323,96.97,0.539,47,193293
407,Shake It Off,1989,0.0647,0.647,0.8,0.0,0.334,-5.384,0.165,160.078,0.942,80,219200
408,I Wish You Would,1989,0.0158,0.653,0.893,4.95e-05,0.102,-5.966,0.0538,118.035,0.513,51,207440
409,Bad Blood,1989,0.0885,0.646,0.794,6.16e-06,0.201,-6.104,0.19,170.216,0.287,52,211933
410,Wildest Dreams,1989,0.0692,0.55,0.688,0.00144,0.106,-7.416,0.0897,139.997,0.465,52,220440
411,How You Get The Girl,1989,0.00364,0.765,0.656,0.00868,0.0918,-6.112,0.0504,119.997,0.545,55,247533
412,This Love,1989,0.678,0.481,0.435,0.0,0.0928,-8.795,0.0321,143.95,0.107,50,250093
413,I Know Places,1989,0.245,0.602,0.755,0.0,0.178,-4.991,0.071,159.965,0.495,50,195706
414,Clean,1989,0.232,0.815,0.377,0.0,0.1,-7.754,0.0346,103.97,0.211,55,271000
415,Wonderland,1989,0.0493,0.422,0.692,2.57e-05,0.177,-5.447,0.0549,184.014,0.197,55,245560
416,You Are In Love,1989,0.707,0.474,0.48,0.000108,0.0903,-8.894,0.0622,170.109,0.319,55,267106
417,New Romantics,1989,0.00463,0.633,0.889,0.000458,0.0658,-5.87,0.0715,121.956,0.584,62,230466
456,State Of Grace,red,0.000197,0.588,0.825,0.00138,0.0885,-5.882,0.0328,129.968,0.397,40,295186
457,Red,red,0.0773,0.602,0.896,8.87e-05,0.091,-4.267,0.0437,124.978,0.641,58,220826
458,Treacherous,red,0.101,0.705,0.621,4.3e-06,0.147,-8.086,0.0334,109.993,0.395,38,240773
459,I Knew You Were Trouble.,red,0.00454,0.622,0.469,2.25e-06,0.0398,-6.798,0.0363,77.019,0.679,61,217973
460,All Too Well,red,0.0382,0.602,0.609,0.0002,0.127,-7.803,0.0243,93.06,0.337,44,327893
461,22,red,0.00215,0.658,0.729,0.0013,0.0752,-6.561,0.0378,104.007,0.668,53,230133
462,I Almost Do,red,0.0173,0.567,0.481,4.13e-05,0.182,-7.357,0.027,145.865,0.233,39,242573
463,We Are Never Ever Getting Back Together,red,0.00957,0.628,0.676,2.65e-05,0.102,-5.911,0.0916,85.984,0.75,59,191880
464,Stay Stay Stay,red,0.307,0.729,0.748,1.29e-06,0.09,-6.67,0.0245,99.981,0.928,39,204826
465,The Last Time,red,0.035,0.505,0.443,3.15e-06,0.0921,-7.039,0.0276,94.069,0.123,38,298293
466,Holy Ground,red,0.0162,0.627,0.816,0.00208,0.0966,-6.698,0.0774,157.043,0.648,37,201853
467,Sad Beautiful Tragic,red,0.632,0.624,0.34,0.0337,0.121,-12.411,0.029,129.987,0.261,35,283680
468,The Lucky One,red,0.0371,0.706,0.499,0.0,0.132,-7.675,0.0369,117.937,0.545,36,240133
469,Everything Has Changed,red,0.36,0.624,0.458,3.89e-06,0.303,-6.755,0.0287,80.017,0.436,50,243933
470,Starlight,red,0.0213,0.649,0.777,0.000335,0.221,-5.804,0.0406,126.018,0.587,37,217826
471,Begin Again,red,0.199,0.53,0.526,3.52e-06,0.232,-8.349,0.0263,79.025,0.323,56,237613
488,Mine - POP Mix,speak now,0.00461,0.696,0.768,1.21e-06,0.101,-3.863,0.0308,121.05,0.692,42,230546
489,Sparks Fly,speak now,0.0387,0.608,0.785,0.0,0.158,-2.976,0.0311,114.985,0.376,53,260946
490,Back To December,speak now,0.0202,0.517,0.606,0.0,0.324,-5.797,0.0289,141.929,0.296,62,293040
491,Speak Now,speak now,0.101,0.708,0.601,0.0,0.0979,-3.75,0.0306,118.962,0.742,50,240773
492,Dear John,speak now,0.183,0.583,0.468,1.65e-06,0.111,-5.378,0.0278,119.375,0.126,46,403933
493,Mean,speak now,0.445,0.57,0.747,0.0,0.219,-3.978,0.0426,164.004,0.808,51,237746
494,The Story Of Us,speak now,0.000315,0.575,0.855,0.00161,0.0419,-4.827,0.0467,139.92,0.84,48,265680
495,Never Grow Up,speak now,0.829,0.715,0.308,0.0,0.16,-8.829,0.0305,124.899,0.547,48,290480
496,Enchanted,speak now,0.0716,0.535,0.618,0.000388,0.169,-3.913,0.0273,81.975,0.228,71,352200
497,Better Than Revenge,speak now,0.0167,0.519,0.917,2.06e-05,0.359,-3.185,0.0887,145.882,0.652,54,217173
498,Innocent,speak now,0.202,0.553,0.604,0.0,0.125,-5.295,0.0258,133.989,0.186,38,302266
499,Haunted,speak now,0.0769,0.434,0.944,0.0,0.151,-2.641,0.0581,162.02,0.361,47,242093
500,Last Kiss,speak now,0.581,0.359,0.329,3.75e-05,0.0979,-9.531,0.0293,84.358,0.208,49,367146
501,Long Live,speak now,0.0426,0.412,0.682,7.47e-05,0.106,-4.319,0.0339,203.959,0.146,51,317960
524,Jump Then Fall,fearless,0.111,0.618,0.687,0.0,0.0693,-5.737,0.0271,79.991,0.82,41,237066
525,Untouchable,fearless,0.0583,0.419,0.454,3.78e-06,0.0974,-6.809,0.0335,200.017,0.288,43,311040
526,Forever & Always - Piano Version,fearless,0.852,0.592,0.16,0.0,0.116,-10.785,0.0347,118.929,0.294,41,267506
527,Come In With The Rain,fearless,0.0961,0.527,0.461,2.47e-06,0.24,-6.172,0.0256,143.94,0.23,39,238093
528,SuperStar,fearless,0.367,0.61,0.531,0.0,0.351,-6.123,0.0239,85.979,0.228,38,261453
529,The Other Side Of The Door,fearless,0.169,0.476,0.816,0.0,0.238,-4.279,0.0347,163.847,0.469,39,237600
530,Fearless,fearless,0.0364,0.598,0.714,1.04e-06,0.31,-4.397,0.0273,99.979,0.467,50,242000
531,Fifteen,fearless,0.0728,0.559,0.636,0.0,0.144,-4.4,0.0263,95.485,0.214,40,294346
532,Love Story,fearless,0.157,0.618,0.736,0.0,0.073,-3.937,0.0308,118.982,0.307,56,235280
533,Hey Stephen,fearless,0.168,0.843,0.553,2.66e-06,0.107,-7.348,0.0317,115.997,0.825,43,254320
534,White Horse,fearless,0.302,0.585,0.346,0.0,0.102,-8.014,0.0256,92.564,0.195,42,234440
535,You Belong With Me,fearless,0.164,0.687,0.771,2.46e-05,0.112,-4.424,0.0384,129.964,0.445,57,231146
536,Breathe,fearless,0.373,0.498,0.486,0.0,0.113,-7.384,0.0273,147.952,0.17,38,263986
537,Tell Me Why,fearless,0.0606,0.601,0.852,3.41e-06,0.37,-3.096,0.0386,100.015,0.513,40,200560
538,You're Not Sorry,fearless,0.13,0.459,0.459,2.3e-06,0.113,-4.126,0.0275,134.018,0.281,42,261800
539,The Way I Loved You,fearless,0.0322,0.436,0.712,0.0,0.111,-3.689,0.0329,160.886,0.379,48,244240
540,Forever & Always,fearless,0.0907,0.605,0.829,0.0,0.106,-4.993,0.0549,128.012,0.514,43,225333
541,The Best Day,fearless,0.611,0.664,0.447,1e-06,0.139,-8.535,0.0292,126.079,0.364,40,245346
542,Change,fearless,0.00471,0.548,0.756,0.0,0.117,-4.175,0.036,96.038,0.224,40,281053
567,Tim McGraw,debut,0.575,0.58,0.491,0.0,0.121,-6.462,0.0251,76.009,0.425,56,232106
568,Picture To Burn,debut,0.173,0.658,0.877,0.0,0.0962,-2.098,0.0323,105.586,0.821,61,173066
569,Teardrops On My Guitar - Radio Single Remix,debut,0.288,0.621,0.417,0.0,0.119,-6.941,0.0231,99.953,0.289,63,203040
570,A Place in this World,debut,0.051,0.576,0.777,0.0,0.32,-2.881,0.0324,115.028,0.428,55,199200
571,Cold As You,debut,0.217,0.418,0.482,0.0,0.123,-5.769,0.0266,175.558,0.261,55,239013
572,The Outside,debut,0.00491,0.589,0.805,0.0,0.24,-4.055,0.0293,112.982,0.591,54,207106
573,Tied Together with a Smile,debut,0.525,0.479,0.578,0.0,0.0841,-4.963,0.0294,146.165,0.192,54,248106
574,Stay Beautiful,debut,0.0868,0.594,0.629,0.0,0.137,-4.919,0.0246,131.597,0.504,53,236053
575,Should've Said No,debut,0.0103,0.476,0.777,0.0,0.196,-3.771,0.0289,167.964,0.472,60,242200
576,Mary's Song (Oh My My My),debut,0.0177,0.403,0.627,0.0,0.182,-5.28,0.0292,74.9,0.374,57,213080
577,Our Song,debut,0.111,0.668,0.672,0.0,0.329,-4.931,0.0303,89.011,0.539,64,201106
578,I'm Only Me When I'm With You,debut,0.00452,0.563,0.934,0.000807,0.103,-3.629,0.0646,143.964,0.518,56,213053
579,Invisible,debut,0.637,0.612,0.394,0.0,0.147,-5.723,0.0243,96.001,0.233,54,203226
580,A Perfectly Good Heart,debut,0.00349,0.483,0.751,0.0,0.128,-5.726,0.0365,156.092,0.268,53,220146
581,Teardrops on My Guitar - Pop Version,debut,0.0402,0.459,0.753,0.0,0.0863,-3.827,0.0537,199.997,0.483,55,179066
